Patient_ID	Histologic_type	PTEN_Mutation	PTEN_Location	PTEN_Mutation_Status	Sample_Status
C3L-00006	Endometrioid	['Missense_Mutation', 'Nonsense_Mutation']	['p.R130Q', 'p.R233*']	Multiple_mutation	Tumor
C3L-00008	Endometrioid	['Missense_Mutation']	['p.G127R']	Single_mutation	Tumor
C3L-00032	Endometrioid	['Nonsense_Mutation']	['p.W111*']	Single_mutation	Tumor
C3L-00090	Endometrioid	['Missense_Mutation']	['p.R130G']	Single_mutation	Tumor
C3L-00098	Serous	['Wildtype_Tumor']	['No_mutation']	Wildtype_Tumor	Tumor
C3L-00136	Endometrioid	['Missense_Mutation', 'Missense_Mutation']	['p.Y68C', 'p.R130G']	Multiple_mutation	Tumor
C3L-00137	Endometrioid	['Frame_Shift_Ins', 'Nonsense_Mutation']	['p.H118Qfs*8', 'p.Y180*']	Multiple_mutation	Tumor
C3L-00139	Serous	['Wildtype_Tumor']	['No_mutation']	Wildtype_Tumor	Tumor
C3L-00143	Endometrioid	['Missense_Mutation']	['p.R130G']	Single_mutation	Tumor
C3L-00145	Endometrioid	['Missense_Mutation', 'Frame_Shift_Ins']	['p.H93R', 'p.E242*']	Multiple_mutation	Tumor
C3L-00156	Endometrioid	['Nonsense_Mutation', 'Missense_Mutation', 'Missense_Mutation']	['p.E7*', 'p.R173C', 'p.F206L']	Multiple_mutation	Tumor
C3L-00161	Endometrioid	['Frame_Shift_Del', 'Frame_Shift_Del']	['p.K267Rfs*9', 'p.T319*']	Multiple_mutation	Tumor
C3L-00358	Serous	['Wildtype_Tumor']	['No_mutation']	Wildtype_Tumor	Tumor
C3L-00361	Endometrioid	['Wildtype_Tumor']	['No_mutation']	Wildtype_Tumor	Tumor
C3L-00362	Endometrioid	['Wildtype_Tumor']	['No_mutation']	Wildtype_Tumor	Tumor
C3L-00413	Endometrioid	['Frame_Shift_Del']	['p.N262Qfs*35']	Single_mutation	Tumor
C3L-00449	Endometrioid	['Missense_Mutation']	['p.A126T']	Single_mutation	Tumor
C3L-00563	Endometrioid	['Missense_Mutation', 'Nonsense_Mutation']	['p.H123R', 'p.Q214*']	Multiple_mutation	Tumor
C3L-00586	Endometrioid	['Nonsense_Mutation', 'Missense_Mutation', 'Nonsense_Mutation']	['p.E7*', 'p.N69T', 'p.Y176*']	Multiple_mutation	Tumor
C3L-00601	Endometrioid	['Nonsense_Mutation', 'Missense_Mutation', 'Frame_Shift_Ins']	['p.E7*', 'p.R173C', 'p.N323Kfs*2']	Multiple_mutation	Tumor
C3L-00605	Endometrioid	['Missense_Mutation', 'Nonsense_Mutation']	['p.D92E', 'p.Q97*']	Multiple_mutation	Tumor
C3L-00767	Endometrioid	['Frame_Shift_Del']	['p.T321Kfs*22']	Single_mutation	Tumor
C3L-00769	Endometrioid	['Frame_Shift_Del']	['p.N12Tfs*12']	Single_mutation	Tumor
C3L-00770	Endometrioid	['Missense_Mutation', 'Missense_Mutation', 'Missense_Mutation', 'Missense_Mutation']	['p.F56C', 'p.R130Q', 'p.F341V', 'p.F341C']	Multiple_mutation	Tumor
C3L-00771	Endometrioid	['Missense_Mutation', 'Nonsense_Mutation']	['p.R130P', 'p.R233*']	Multiple_mutation	Tumor
C3L-00780	Endometrioid	['Missense_Mutation', 'Frame_Shift_Del']	['p.G127V', 'p.G293Efs*14']	Multiple_mutation	Tumor
C3L-00781	Endometrioid	['Frame_Shift_Del', 'Splice_Site']	['p.K267Rfs*9', 'p.X343_splice']	Multiple_mutation	Tumor
C3L-00905	Endometrioid	['Wildtype_Tumor']	['No_mutation']	Wildtype_Tumor	Tumor
C3L-00918	Endometrioid	['Nonsense_Mutation', 'Frame_Shift_Ins']	['p.R130*', 'p.L295Sfs*3']	Multiple_mutation	Tumor
C3L-00921	Endometrioid	['Nonsense_Mutation']	['p.Q171*']	Single_mutation	Tumor
C3L-00932	Endometrioid	['Wildtype_Tumor']	['No_mutation']	Wildtype_Tumor	Tumor
C3L-00942	Endometrioid	['Missense_Mutation']	['p.A126S']	Single_mutation	Tumor
C3L-00946	Endometrioid	['Frame_Shift_Ins']	['p.P248Tfs*5']	Single_mutation	Tumor
C3L-00947	Endometrioid	['Wildtype_Tumor']	['No_mutation']	Wildtype_Tumor	Tumor
C3L-00949	Endometrioid	['Missense_Mutation', 'Frame_Shift_Del']	['p.R130G', 'p.K267Rfs*30']	Multiple_mutation	Tumor
C3L-00961	Endometrioid	['Missense_Mutation']	['p.G129E']	Single_mutation	Tumor
C3L-00963	Serous	['Wildtype_Tumor']	['No_mutation']	Wildtype_Tumor	Tumor
C3L-01246	Serous	['Wildtype_Tumor']	['No_mutation']	Wildtype_Tumor	Tumor
C3L-01248	Endometrioid	['Missense_Mutation', 'Frame_Shift_Del']	['p.Y177C', 'p.C296*']	Multiple_mutation	Tumor
C3L-01249	Endometrioid	['Frame_Shift_Del']	['p.D51*']	Single_mutation	Tumor
C3L-01252	Endometrioid	['Missense_Mutation', 'Frame_Shift_Del']	['p.I122N', 'p.K267Rfs*9']	Multiple_mutation	Tumor
C3L-01256	Endometrioid	['Frame_Shift_Del']	['p.N329Kfs*14']	Single_mutation	Tumor
C3L-01257	Endometrioid	['Frame_Shift_Del']	['p.P30Yfs*11']	Single_mutation	Tumor
C3L-01275	Endometrioid	['Nonsense_Mutation']	['p.Q245*']	Single_mutation	Tumor
C3L-01282	Endometrioid	['Nonsense_Mutation', 'Frame_Shift_Ins']	['p.G209*', 'p.P248Tfs*5']	Multiple_mutation	Tumor
C3L-01304	Endometrioid	['Frame_Shift_Ins']	['p.I168Sfs*13']	Single_mutation	Tumor
C3L-01307	Endometrioid	['Missense_Mutation', 'Nonsense_Mutation']	['p.Y174N', 'p.W274*']	Multiple_mutation	Tumor
C3L-01311	Endometrioid	['Missense_Mutation', 'Missense_Mutation']	['p.R130Q', 'p.I253N']	Multiple_mutation	Tumor
C3L-01312	Endometrioid	['Missense_Mutation', 'Nonsense_Mutation']	['p.Y88D', 'p.R233*']	Multiple_mutation	Tumor
C3L-01744	Endometrioid	['Missense_Mutation', 'Frame_Shift_Ins', 'Missense_Mutation']	['p.P96S', 'p.V166Sfs*14', 'p.P246L']	Multiple_mutation	Tumor
C3L-01925	Serous	['Wildtype_Tumor']	['No_mutation']	Wildtype_Tumor	Tumor
C3N-00151	Endometrioid	['Nonsense_Mutation', 'Missense_Mutation', 'Missense_Mutation']	['p.E99*', 'p.R130Q', 'p.L139V']	Multiple_mutation	Tumor
C3N-00200	Endometrioid	['Frame_Shift_Del', 'Frame_Shift_Del']	['p.G44Qfs*3', 'p.T319*']	Multiple_mutation	Tumor
C3N-00321	Endometrioid	['Frame_Shift_Del']	['p.V290*']	Single_mutation	Tumor
C3N-00322	Endometrioid	['Frame_Shift_Del']	['p.G293Efs*14']	Single_mutation	Tumor
C3N-00323	Endometrioid	['Frame_Shift_Del']	['p.F258Sfs*8']	Single_mutation	Tumor
C3N-00324	Endometrioid	['Missense_Mutation', 'Missense_Mutation', 'Nonsense_Mutation']	['p.D92E', 'p.D162V', 'p.G293*']	Multiple_mutation	Tumor
C3N-00326	Endometrioid	['Missense_Mutation', 'Frame_Shift_Del']	['p.D24G', 'p.Y88Sfs*3']	Multiple_mutation	Tumor
C3N-00328	Endometrioid	['Missense_Mutation', 'Missense_Mutation', 'Missense_Mutation']	['p.D92N', 'p.R130Q', 'p.F341V']	Multiple_mutation	Tumor
C3N-00333	Endometrioid	['Missense_Mutation']	['p.P96S']	Single_mutation	Tumor
C3N-00334	Endometrioid	['Nonsense_Mutation']	['p.E99*']	Single_mutation	Tumor
C3N-00335	Endometrioid	['Frame_Shift_Del']	['p.T319*']	Single_mutation	Tumor
C3N-00337	Endometrioid	['Missense_Mutation']	['p.R130G']	Single_mutation	Tumor
C3N-00339	Serous	['Missense_Mutation']	['p.R130G']	Single_mutation	Tumor
C3N-00340	Serous	['Wildtype_Tumor']	['No_mutation']	Wildtype_Tumor	Tumor
C3N-00377	Endometrioid	['Missense_Mutation', 'Missense_Mutation']	['p.R130G', 'p.G165V']	Multiple_mutation	Tumor
C3N-00379	Endometrioid	['Missense_Mutation', 'Missense_Mutation']	['p.R130G', 'p.R130P']	Multiple_mutation	Tumor
C3N-00383	Endometrioid	['Missense_Mutation', 'Missense_Mutation']	['p.R130G', 'p.R159S']	Multiple_mutation	Tumor
C3N-00386	Endometrioid	['Missense_Mutation', 'Frame_Shift_Del']	['p.A126D', 'p.L140Qfs*36']	Multiple_mutation	Tumor
C3N-00388	Endometrioid	['Missense_Mutation', 'Missense_Mutation']	['p.T78S', 'p.R130G']	Multiple_mutation	Tumor
C3N-00389	Endometrioid	['Missense_Mutation', 'Frame_Shift_Ins']	['p.I122N', 'p.N323Kfs*2']	Multiple_mutation	Tumor
C3N-00729	Endometrioid	['Missense_Mutation']	['p.P38S']	Single_mutation	Tumor
C3N-00734	Endometrioid	['Frame_Shift_Ins']	['p.M134Nfs*46']	Single_mutation	Tumor
C3N-00743	Endometrioid	['Missense_Mutation', 'Splice_Site']	['p.C136R', 'p.X212_splice']	Multiple_mutation	Tumor
C3N-00836	Endometrioid	['Wildtype_Tumor']	['No_mutation']	Wildtype_Tumor	Tumor
C3N-00847	Endometrioid	['Missense_Mutation']	['p.R130L']	Single_mutation	Tumor
C3N-00848	Endometrioid	['Frame_Shift_Del']	['p.R47Efs*4']	Single_mutation	Tumor
C3N-00850	Endometrioid	['Wildtype_Tumor']	['No_mutation']	Wildtype_Tumor	Tumor
C3N-00858	Endometrioid	['Nonsense_Mutation', 'Frame_Shift_Del']	['p.S287*', 'p.I300Mfs*7']	Multiple_mutation	Tumor
C3N-00866	Endometrioid	['Missense_Mutation', 'Missense_Mutation']	['p.H61L', 'p.V217D']	Multiple_mutation	Tumor
C3N-00880	Endometrioid	['Missense_Mutation', 'Nonsense_Mutation']	['p.R130G', 'p.C304*']	Multiple_mutation	Tumor
C3N-01003	Endometrioid	['Wildtype_Tumor']	['No_mutation']	Wildtype_Tumor	Tumor
C3N-01211	Endometrioid	['Nonsense_Mutation', 'Frame_Shift_Del']	['p.R130*', 'p.N323Kfs*12']	Multiple_mutation	Tumor
C3N-01212	Endometrioid	['Missense_Mutation', 'Nonsense_Mutation']	['p.C124S', 'p.R233*']	Multiple_mutation	Tumor
C3N-01217	Endometrioid	['Frame_Shift_Del']	['p.I253Qfs*44']	Single_mutation	Tumor
C3N-01219	Endometrioid	['Missense_Mutation']	['p.R130G']	Single_mutation	Tumor
C3N-01267	Endometrioid	['Nonsense_Mutation']	['p.Y27*']	Single_mutation	Tumor
C3N-01346	Serous	['Wildtype_Tumor']	['No_mutation']	Wildtype_Tumor	Tumor
C3N-01349	Serous	['Nonsense_Mutation']	['p.R130*']	Single_mutation	Tumor
C3N-01510	Endometrioid	['Nonsense_Mutation', 'Nonsense_Mutation']	['p.R130*', 'p.R233*']	Multiple_mutation	Tumor
C3N-01520	Endometrioid	['Frame_Shift_Ins', 'Frame_Shift_Del']	['p.D268Gfs*30', 'p.N323Mfs*21']	Multiple_mutation	Tumor
C3N-01521	Endometrioid	['Wildtype_Tumor']	['No_mutation']	Wildtype_Tumor	Tumor
C3N-01537	Endometrioid	['Wildtype_Tumor']	['No_mutation']	Wildtype_Tumor	Tumor
C3N-01802	Serous	['Wildtype_Tumor']	['No_mutation']	Wildtype_Tumor	Tumor
C3N-01825	Serous	['Wildtype_Tumor']	['No_mutation']	Wildtype_Tumor	Tumor
C3L-00006.N		['Wildtype_Normal']	['No_mutation']	Wildtype_Normal	Normal
C3L-00361.N		['Wildtype_Normal']	['No_mutation']	Wildtype_Normal	Normal
C3L-00563.N		['Wildtype_Normal']	['No_mutation']	Wildtype_Normal	Normal
C3L-00586.N		['Wildtype_Normal']	['No_mutation']	Wildtype_Normal	Normal
C3L-00601.N		['Wildtype_Normal']	['No_mutation']	Wildtype_Normal	Normal
C3L-00605.N		['Wildtype_Normal']	['No_mutation']	Wildtype_Normal	Normal
C3L-00769.N		['Wildtype_Normal']	['No_mutation']	Wildtype_Normal	Normal
C3L-00770.N		['Wildtype_Normal']	['No_mutation']	Wildtype_Normal	Normal
C3L-00771.N		['Wildtype_Normal']	['No_mutation']	Wildtype_Normal	Normal
C3L-00930.N		['Wildtype_Normal']	['No_mutation']	Wildtype_Normal	Normal
C3L-00932.N		['Wildtype_Normal']	['No_mutation']	Wildtype_Normal	Normal
C3L-00947.N		['Wildtype_Normal']	['No_mutation']	Wildtype_Normal	Normal
C3L-00963.N		['Wildtype_Normal']	['No_mutation']	Wildtype_Normal	Normal
C3L-01246.N		['Wildtype_Normal']	['No_mutation']	Wildtype_Normal	Normal
C3L-01249.N		['Wildtype_Normal']	['No_mutation']	Wildtype_Normal	Normal
C3L-01252.N		['Wildtype_Normal']	['No_mutation']	Wildtype_Normal	Normal
C3L-01256.N		['Wildtype_Normal']	['No_mutation']	Wildtype_Normal	Normal
C3L-01257.N		['Wildtype_Normal']	['No_mutation']	Wildtype_Normal	Normal
C3L-01282.N		['Wildtype_Normal']	['No_mutation']	Wildtype_Normal	Normal
C3L-01304.N		['Wildtype_Normal']	['No_mutation']	Wildtype_Normal	Normal
C3L-01307.N		['Wildtype_Normal']	['No_mutation']	Wildtype_Normal	Normal
C3L-01311.N		['Wildtype_Normal']	['No_mutation']	Wildtype_Normal	Normal
C3L-01744.N		['Wildtype_Normal']	['No_mutation']	Wildtype_Normal	Normal
C3N-00200.N		['Wildtype_Normal']	['No_mutation']	Wildtype_Normal	Normal
C3N-00333.N		['Wildtype_Normal']	['No_mutation']	Wildtype_Normal	Normal
C3N-00383.N		['Wildtype_Normal']	['No_mutation']	Wildtype_Normal	Normal
C3N-00729.N		['Wildtype_Normal']	['No_mutation']	Wildtype_Normal	Normal
C3N-00858.N		['Wildtype_Normal']	['No_mutation']	Wildtype_Normal	Normal
C3N-00866.N		['Wildtype_Normal']	['No_mutation']	Wildtype_Normal	Normal
C3N-01211.N		['Wildtype_Normal']	['No_mutation']	Wildtype_Normal	Normal
C3N-01346.N		['Wildtype_Normal']	['No_mutation']	Wildtype_Normal	Normal
NX1.N		['Wildtype_Normal']	['No_mutation']	Wildtype_Normal	Normal
NX10.N		['Wildtype_Normal']	['No_mutation']	Wildtype_Normal	Normal
NX11.N		['Wildtype_Normal']	['No_mutation']	Wildtype_Normal	Normal
NX12.N		['Wildtype_Normal']	['No_mutation']	Wildtype_Normal	Normal
NX13.N		['Wildtype_Normal']	['No_mutation']	Wildtype_Normal	Normal
NX14.N		['Wildtype_Normal']	['No_mutation']	Wildtype_Normal	Normal
NX15.N		['Wildtype_Normal']	['No_mutation']	Wildtype_Normal	Normal
NX16.N		['Wildtype_Normal']	['No_mutation']	Wildtype_Normal	Normal
NX17.N		['Wildtype_Normal']	['No_mutation']	Wildtype_Normal	Normal
NX18.N		['Wildtype_Normal']	['No_mutation']	Wildtype_Normal	Normal
NX2.N		['Wildtype_Normal']	['No_mutation']	Wildtype_Normal	Normal
NX3.N		['Wildtype_Normal']	['No_mutation']	Wildtype_Normal	Normal
NX4.N		['Wildtype_Normal']	['No_mutation']	Wildtype_Normal	Normal
NX5.N		['Wildtype_Normal']	['No_mutation']	Wildtype_Normal	Normal
NX6.N		['Wildtype_Normal']	['No_mutation']	Wildtype_Normal	Normal
NX7.N		['Wildtype_Normal']	['No_mutation']	Wildtype_Normal	Normal
NX8.N		['Wildtype_Normal']	['No_mutation']	Wildtype_Normal	Normal
NX9.N		['Wildtype_Normal']	['No_mutation']	Wildtype_Normal	Normal
